﻿<?xml version="1.0" encoding="utf-8"?><toc><breadcrumbs><li><a href="d75eb659-6335-53f6-af7a-81814a21ab7f.htm">Docs</a></li><li><a href="d75eb659-6335-53f6-af7a-81814a21ab7f.htm">Media<wbr />Tek<wbr />86</a></li><li><a href="917a76a8-be2e-b492-98ef-cc530d95ceea.htm">Media<wbr />Tek<wbr />86</a></li><li><a href="a6b05d97-f4ab-84b3-45e5-4592ae7e10d9.htm">Frm<wbr />Connexion</a></li></breadcrumbs><tocItems><li><a id="b223a341-5875-c1f1-98cf-8aafc9cef429" href="b223a341-5875-c1f1-98cf-8aafc9cef429.htm">Constructor</a></li><li><a id="7e875fac-de13-9b78-c4c3-6004ac29487b" href="7e875fac-de13-9b78-c4c3-6004ac29487b.htm">Properties</a></li><li><a id="a673665a-3056-792f-2139-3c08d82be8d0" class="has-submenu" href="a673665a-3056-792f-2139-3c08d82be8d0.htm"><span data-tocFile="../toc/IDCAAA.xml" class="icon toggle" onclick="ToggleExpandCollapse(this); return false;"><i class="fa fa-angle-right"> </i></span>Methods</a><ul class="toc-menu is-hidden"> </ul></li><li><a id="017d5e37-9274-1795-b370-4e2cc4088349" href="017d5e37-9274-1795-b370-4e2cc4088349.htm">Events</a></li><li><a id="c5404061-05d1-ea44-bc49-d33ec4e347f4" class="has-submenu" href="c5404061-05d1-ea44-bc49-d33ec4e347f4.htm"><span data-tocFile="../toc/IDEAAA.xml" class="icon toggle" onclick="ToggleExpandCollapse(this); return false;"><i class="fa fa-angle-right"> </i></span>Fields</a><ul class="toc-menu is-hidden"> </ul></li></tocItems></toc>