﻿<?xml version="1.0" encoding="utf-8"?><toc><breadcrumbs><li><a href="d75eb659-6335-53f6-af7a-81814a21ab7f.htm">Docs</a></li><li><a href="d75eb659-6335-53f6-af7a-81814a21ab7f.htm">Media<wbr />Tek<wbr />86</a></li><li><a href="583bfb73-d659-5a0a-d86d-6318483a2360.htm">Media<wbr />Tek<wbr />86.<wbr />view</a></li><li><a href="53ce980c-ee20-0305-7afb-1cc33460e1bf.htm">Frm<wbr />Absences</a></li><li><a href="2d57525a-5588-9a9c-ae3a-595afb548504.htm">Methods</a></li><li><a href="2987a050-275d-2cbc-9ece-3569ceaf5a6e.htm">Dispose</a></li></breadcrumbs><tocItems><li><a id="0ea45f71-3ac8-ea91-4ceb-6f7f3e5d7102" href="0ea45f71-3ac8-ea91-4ceb-6f7f3e5d7102.htm">Dispose(<wbr />Boolean)</a></li></tocItems></toc>