﻿<?xml version="1.0" encoding="utf-8"?><toc><breadcrumbs><li><a href="d75eb659-6335-53f6-af7a-81814a21ab7f.htm">Docs</a></li><li><a href="d75eb659-6335-53f6-af7a-81814a21ab7f.htm">Media<wbr />Tek<wbr />86</a></li><li><a href="0432dcb9-034b-a0a7-9b38-ca0cb3f16711.htm">Media<wbr />Tek<wbr />86.<wbr />model</a></li><li><a href="7bc26cda-03dd-1b0e-8ea2-f40a8d893660.htm">Absence</a></li></breadcrumbs><tocItems><li><a id="67105061-994f-47be-32e5-4b6f93d2c845" href="67105061-994f-47be-32e5-4b6f93d2c845.htm">Constructor</a></li><li><a id="b08c9cc2-599e-0f72-500e-3239c5b17928" href="b08c9cc2-599e-0f72-500e-3239c5b17928.htm">Methods</a></li></tocItems></toc>