﻿<?xml version="1.0" encoding="utf-8"?><toc><breadcrumbs><li><a href="d75eb659-6335-53f6-af7a-81814a21ab7f.htm">Docs</a></li><li><a href="d75eb659-6335-53f6-af7a-81814a21ab7f.htm">Media<wbr />Tek<wbr />86</a></li><li><a href="583bfb73-d659-5a0a-d86d-6318483a2360.htm">Media<wbr />Tek<wbr />86.<wbr />view</a></li><li><a href="53ce980c-ee20-0305-7afb-1cc33460e1bf.htm">Frm<wbr />Absences</a></li></breadcrumbs><tocItems><li><a id="c6c4d7d5-cfa5-d20b-15cb-a569a0394a06" href="c6c4d7d5-cfa5-d20b-15cb-a569a0394a06.htm">Constructor</a></li><li><a id="bd4c780e-9b34-0373-3351-315ac09434d0" href="bd4c780e-9b34-0373-3351-315ac09434d0.htm">Properties</a></li><li><a id="2d57525a-5588-9a9c-ae3a-595afb548504" class="has-submenu" href="2d57525a-5588-9a9c-ae3a-595afb548504.htm"><span data-tocFile="../toc/IDCAEA.xml" class="icon toggle" onclick="ToggleExpandCollapse(this); return false;"><i class="fa fa-angle-right"> </i></span>Methods</a><ul class="toc-menu is-hidden"> </ul></li><li><a id="94b02891-566b-9c8c-64b9-2d34ac289e92" href="94b02891-566b-9c8c-64b9-2d34ac289e92.htm">Events</a></li><li><a id="3438f443-4fed-4bc2-3c89-80de157b4ca6" class="has-submenu" href="3438f443-4fed-4bc2-3c89-80de157b4ca6.htm"><span data-tocFile="../toc/IDEAEA.xml" class="icon toggle" onclick="ToggleExpandCollapse(this); return false;"><i class="fa fa-angle-right"> </i></span>Fields</a><ul class="toc-menu is-hidden"> </ul></li></tocItems></toc>