﻿<?xml version="1.0" encoding="utf-8"?><toc><breadcrumbs><li><a href="d75eb659-6335-53f6-af7a-81814a21ab7f.htm">Docs</a></li><li><a href="d75eb659-6335-53f6-af7a-81814a21ab7f.htm">Media<wbr />Tek<wbr />86</a></li><li><a href="583bfb73-d659-5a0a-d86d-6318483a2360.htm">Media<wbr />Tek<wbr />86.<wbr />view</a></li><li><a href="f214f856-684f-f0ef-5a49-ca506dd6f272.htm">Frm<wbr />Gestion<wbr />Personnel</a></li></breadcrumbs><tocItems><li><a id="fca69547-0fb4-1c84-993b-8494922bf84e" href="fca69547-0fb4-1c84-993b-8494922bf84e.htm">Constructor</a></li><li><a id="40d3861a-94bf-f932-63d4-2428af834055" href="40d3861a-94bf-f932-63d4-2428af834055.htm">Properties</a></li><li><a id="fd79011e-a67a-4405-79fb-b7f672db7c5d" class="has-submenu" href="fd79011e-a67a-4405-79fb-b7f672db7c5d.htm"><span data-tocFile="../toc/IDCBEA.xml" class="icon toggle" onclick="ToggleExpandCollapse(this); return false;"><i class="fa fa-angle-right"> </i></span>Methods</a><ul class="toc-menu is-hidden"> </ul></li><li><a id="ea13dc09-f02b-4d91-f7be-cb89e4f34669" href="ea13dc09-f02b-4d91-f7be-cb89e4f34669.htm">Events</a></li><li><a id="e97e37ed-6de2-f7fe-29bb-55cd0160ef63" class="has-submenu" href="e97e37ed-6de2-f7fe-29bb-55cd0160ef63.htm"><span data-tocFile="../toc/IDEBEA.xml" class="icon toggle" onclick="ToggleExpandCollapse(this); return false;"><i class="fa fa-angle-right"> </i></span>Fields</a><ul class="toc-menu is-hidden"> </ul></li></tocItems></toc>