﻿<?xml version="1.0" encoding="utf-8"?><toc><breadcrumbs><li><a href="d75eb659-6335-53f6-af7a-81814a21ab7f.htm">Docs</a></li><li><a href="d75eb659-6335-53f6-af7a-81814a21ab7f.htm">Media<wbr />Tek<wbr />86</a></li><li><a href="664fd9da-fcc9-8ede-52c5-fb8d850dc85e.htm">Media<wbr />Tek<wbr />86.<wbr />dal</a></li><li><a href="094dbb9f-3799-d744-716e-528c538afb5a.htm">Access</a></li><li><a href="1f564d16-c67a-fd53-8f2b-1a946149021f.htm">Properties</a></li></breadcrumbs><tocItems><li><a id="529a702d-5db5-0c3d-8dfb-588186b5fba7" href="529a702d-5db5-0c3d-8dfb-588186b5fba7.htm">Manager</a></li></tocItems></toc>