﻿<?xml version="1.0" encoding="utf-8"?><toc><breadcrumbs><li><a href="d75eb659-6335-53f6-af7a-81814a21ab7f.htm">Docs</a></li><li><a href="d75eb659-6335-53f6-af7a-81814a21ab7f.htm">Media<wbr />Tek<wbr />86</a></li><li><a href="583bfb73-d659-5a0a-d86d-6318483a2360.htm">Media<wbr />Tek<wbr />86.<wbr />view</a></li><li><a href="f214f856-684f-f0ef-5a49-ca506dd6f272.htm">Frm<wbr />Gestion<wbr />Personnel</a></li><li><a href="fd79011e-a67a-4405-79fb-b7f672db7c5d.htm">Methods</a></li></breadcrumbs><tocItems><li><a id="f08b7756-6698-f611-cbdb-17173c5a0de7" class="has-submenu" href="f08b7756-6698-f611-cbdb-17173c5a0de7.htm"><span data-tocFile="../toc/IDACBEA.xml" class="icon toggle" onclick="ToggleExpandCollapse(this); return false;"><i class="fa fa-angle-right"> </i></span>Dispose</a><ul class="toc-menu is-hidden"> </ul></li><li><a id="edbe746e-3d52-8486-4eec-75b683a6b6d3" href="edbe746e-3d52-8486-4eec-75b683a6b6d3.htm">Initialize<wbr />Component</a></li></tocItems></toc>