﻿<?xml version="1.0" encoding="utf-8"?><toc><breadcrumbs><li><a href="d75eb659-6335-53f6-af7a-81814a21ab7f.htm">Docs</a></li><li><a href="d75eb659-6335-53f6-af7a-81814a21ab7f.htm">Media<wbr />Tek<wbr />86</a></li><li><a href="0432dcb9-034b-a0a7-9b38-ca0cb3f16711.htm">Media<wbr />Tek<wbr />86.<wbr />model</a></li><li><a href="416c4d8a-57b3-2bc5-b563-920d6b444bb6.htm">Personnel</a></li></breadcrumbs><tocItems><li><a id="8f2f843b-2d0d-5845-a5f6-602b00d91ca8" href="8f2f843b-2d0d-5845-a5f6-602b00d91ca8.htm">Constructor</a></li><li><a id="65e249a4-8fde-6b08-1fc4-3fa2def30ad0" href="65e249a4-8fde-6b08-1fc4-3fa2def30ad0.htm">Methods</a></li></tocItems></toc>