﻿<?xml version="1.0" encoding="utf-8"?><toc><breadcrumbs><li><a href="d75eb659-6335-53f6-af7a-81814a21ab7f.htm">Docs</a></li><li><a href="d75eb659-6335-53f6-af7a-81814a21ab7f.htm">Media<wbr />Tek<wbr />86</a></li><li><a href="0432dcb9-034b-a0a7-9b38-ca0cb3f16711.htm">Media<wbr />Tek<wbr />86.<wbr />model</a></li><li><a href="6c8a792f-b526-cdfd-29fe-248d03e6b5e0.htm">Service</a></li></breadcrumbs><tocItems><li><a id="5db56ca2-7e34-e691-62a0-386362161e71" href="5db56ca2-7e34-e691-62a0-386362161e71.htm">Constructor</a></li><li><a id="17178bba-0ba9-b9bf-2418-1b85940b2702" href="17178bba-0ba9-b9bf-2418-1b85940b2702.htm">Methods</a></li></tocItems></toc>