﻿<?xml version="1.0" encoding="utf-8"?><toc><breadcrumbs><li><a href="d75eb659-6335-53f6-af7a-81814a21ab7f.htm">Docs</a></li><li><a href="d75eb659-6335-53f6-af7a-81814a21ab7f.htm">Media<wbr />Tek<wbr />86</a></li></breadcrumbs><tocItems><li><a id="917a76a8-be2e-b492-98ef-cc530d95ceea" class="has-submenu" href="917a76a8-be2e-b492-98ef-cc530d95ceea.htm"><span data-tocFile="../toc/IDAA.xml" class="icon toggle" onclick="ToggleExpandCollapse(this); return false;"><i class="fa fa-angle-right"> </i></span>Media<wbr />Tek<wbr />86</a><ul class="toc-menu is-hidden"> </ul></li><li><a id="c5898993-eed1-a932-ea31-add19a99eb82" class="has-submenu" href="c5898993-eed1-a932-ea31-add19a99eb82.htm"><span data-tocFile="../toc/IDBA.xml" class="icon toggle" onclick="ToggleExpandCollapse(this); return false;"><i class="fa fa-angle-right"> </i></span>Media<wbr />Tek<wbr />86.<wbr />bddmanager</a><ul class="toc-menu is-hidden"> </ul></li><li><a id="a203e813-d063-178e-aa8e-3e84c2fa63b4" class="has-submenu" href="a203e813-d063-178e-aa8e-3e84c2fa63b4.htm"><span data-tocFile="../toc/IDCA.xml" class="icon toggle" onclick="ToggleExpandCollapse(this); return false;"><i class="fa fa-angle-right"> </i></span>Media<wbr />Tek<wbr />86.<wbr />controller</a><ul class="toc-menu is-hidden"> </ul></li><li><a id="664fd9da-fcc9-8ede-52c5-fb8d850dc85e" class="has-submenu" href="664fd9da-fcc9-8ede-52c5-fb8d850dc85e.htm"><span data-tocFile="../toc/IDDA.xml" class="icon toggle" onclick="ToggleExpandCollapse(this); return false;"><i class="fa fa-angle-right"> </i></span>Media<wbr />Tek<wbr />86.<wbr />dal</a><ul class="toc-menu is-hidden"> </ul></li><li><a id="0432dcb9-034b-a0a7-9b38-ca0cb3f16711" class="has-submenu" href="0432dcb9-034b-a0a7-9b38-ca0cb3f16711.htm"><span data-tocFile="../toc/IDEA.xml" class="icon toggle" onclick="ToggleExpandCollapse(this); return false;"><i class="fa fa-angle-right"> </i></span>Media<wbr />Tek<wbr />86.<wbr />model</a><ul class="toc-menu is-hidden"> </ul></li><li><a id="583bfb73-d659-5a0a-d86d-6318483a2360" class="has-submenu" href="583bfb73-d659-5a0a-d86d-6318483a2360.htm"><span data-tocFile="../toc/IDFA.xml" class="icon toggle" onclick="ToggleExpandCollapse(this); return false;"><i class="fa fa-angle-right"> </i></span>Media<wbr />Tek<wbr />86.<wbr />view</a><ul class="toc-menu is-hidden"> </ul></li></tocItems></toc>