﻿<?xml version="1.0" encoding="utf-8"?><toc><breadcrumbs><li><a href="d75eb659-6335-53f6-af7a-81814a21ab7f.htm">Docs</a></li><li><a href="d75eb659-6335-53f6-af7a-81814a21ab7f.htm">Media<wbr />Tek<wbr />86</a></li><li><a href="917a76a8-be2e-b492-98ef-cc530d95ceea.htm">Media<wbr />Tek<wbr />86</a></li><li><a href="dc3772f4-982f-c9d1-e331-2f690f9178f0.htm">Namespace<wbr />Doc</a></li></breadcrumbs><tocItems><li><a id="e12e7326-7a83-d856-c91d-7b5574689b10" href="e12e7326-7a83-d856-c91d-7b5574689b10.htm">Constructor</a></li><li><a id="2bdb3fd3-8ea2-77ad-a117-f549d4be1ed6" href="2bdb3fd3-8ea2-77ad-a117-f549d4be1ed6.htm">Methods</a></li></tocItems></toc>