﻿<?xml version="1.0" encoding="utf-8"?><toc><breadcrumbs><li><a href="d75eb659-6335-53f6-af7a-81814a21ab7f.htm">Docs</a></li><li><a href="d75eb659-6335-53f6-af7a-81814a21ab7f.htm">Media<wbr />Tek<wbr />86</a></li><li><a href="917a76a8-be2e-b492-98ef-cc530d95ceea.htm">Media<wbr />Tek<wbr />86</a></li></breadcrumbs><tocItems><li><a id="dc3772f4-982f-c9d1-e331-2f690f9178f0" class="has-submenu" href="dc3772f4-982f-c9d1-e331-2f690f9178f0.htm"><span data-tocFile="../toc/IDAAA.xml" class="icon toggle" onclick="ToggleExpandCollapse(this); return false;"><i class="fa fa-angle-right"> </i></span>Namespace<wbr />Doc</a><ul class="toc-menu is-hidden"> </ul></li><li><a id="851f25d2-7074-8c16-7150-07f882ae2279" class="has-submenu" href="851f25d2-7074-8c16-7150-07f882ae2279.htm"><span data-tocFile="../toc/IDBAA.xml" class="icon toggle" onclick="ToggleExpandCollapse(this); return false;"><i class="fa fa-angle-right"> </i></span>Program</a><ul class="toc-menu is-hidden"> </ul></li></tocItems></toc>