﻿<?xml version="1.0" encoding="utf-8"?><toc><breadcrumbs><li><a href="d75eb659-6335-53f6-af7a-81814a21ab7f.htm">Docs</a></li><li><a href="d75eb659-6335-53f6-af7a-81814a21ab7f.htm">Media<wbr />Tek<wbr />86</a></li><li><a href="a203e813-d063-178e-aa8e-3e84c2fa63b4.htm">Media<wbr />Tek<wbr />86.<wbr />controller</a></li><li><a href="ce0095a8-592a-e8d6-7af3-0376f6857a2e.htm">Frm<wbr />Absences<wbr />Controller</a></li></breadcrumbs><tocItems><li><a id="af8064b0-4847-eeca-b13f-667e6a294a28" href="af8064b0-4847-eeca-b13f-667e6a294a28.htm">Constructor</a></li><li><a id="73b99e2b-6e8d-eb5b-ab1e-021aeddb43ed" class="has-submenu" href="73b99e2b-6e8d-eb5b-ab1e-021aeddb43ed.htm"><span data-tocFile="../toc/IDBACA.xml" class="icon toggle" onclick="ToggleExpandCollapse(this); return false;"><i class="fa fa-angle-right"> </i></span>Methods</a><ul class="toc-menu is-hidden"> </ul></li><li><a id="a7201c3a-898d-e4e1-14a0-19a39d8640f3" class="has-submenu" href="a7201c3a-898d-e4e1-14a0-19a39d8640f3.htm"><span data-tocFile="../toc/IDCACA.xml" class="icon toggle" onclick="ToggleExpandCollapse(this); return false;"><i class="fa fa-angle-right"> </i></span>Fields</a><ul class="toc-menu is-hidden"> </ul></li></tocItems></toc>