﻿<?xml version="1.0" encoding="utf-8"?><toc><breadcrumbs><li><a href="d75eb659-6335-53f6-af7a-81814a21ab7f.htm">Docs</a></li><li><a href="d75eb659-6335-53f6-af7a-81814a21ab7f.htm">Media<wbr />Tek<wbr />86</a></li><li><a href="664fd9da-fcc9-8ede-52c5-fb8d850dc85e.htm">Media<wbr />Tek<wbr />86.<wbr />dal</a></li><li><a href="71815df7-9e77-c3e0-b8ae-dda4bf80fb61.htm">Absence<wbr />Access</a></li><li><a href="1b81d100-4020-3196-2ff0-d8b7c689d587.htm">Methods</a></li></breadcrumbs><tocItems><li><a id="2a0af8a6-bff0-810b-9691-fd7ee10ad5b7" href="2a0af8a6-bff0-810b-9691-fd7ee10ad5b7.htm">Add<wbr />Absence</a></li><li><a id="74a83d8c-c8e6-51fc-1401-44ab5e5ffb85" href="74a83d8c-c8e6-51fc-1401-44ab5e5ffb85.htm">Del<wbr />Absence</a></li><li><a id="8a17adef-8983-a844-3b75-0a41b4fe1f8c" href="8a17adef-8983-a844-3b75-0a41b4fe1f8c.htm">Get<wbr />Les<wbr />Absences</a></li><li><a id="36e5c068-914c-cf76-fda9-1b0b3fbf77eb" href="36e5c068-914c-cf76-fda9-1b0b3fbf77eb.htm">Update<wbr />Absence</a></li></tocItems></toc>