﻿<?xml version="1.0" encoding="utf-8"?><toc><breadcrumbs><li><a href="d75eb659-6335-53f6-af7a-81814a21ab7f.htm">Docs</a></li><li><a href="d75eb659-6335-53f6-af7a-81814a21ab7f.htm">Media<wbr />Tek<wbr />86</a></li><li><a href="0432dcb9-034b-a0a7-9b38-ca0cb3f16711.htm">Media<wbr />Tek<wbr />86.<wbr />model</a></li><li><a href="7bc26cda-03dd-1b0e-8ea2-f40a8d893660.htm">Absence</a></li><li><a href="465cc9e5-cded-891f-60de-5dbf345ddf2c.htm">Properties</a></li></breadcrumbs><tocItems><li><a id="611829ce-65c5-64c1-e22f-4694eaa27947" href="611829ce-65c5-64c1-e22f-4694eaa27947.htm">Datedebut</a></li><li><a id="b08c2919-400a-f54f-a9e6-58ab1072dd02" href="b08c2919-400a-f54f-a9e6-58ab1072dd02.htm">Datefin</a></li><li><a id="40acddd7-4c32-2016-7ca5-a284a8540630" href="40acddd7-4c32-2016-7ca5-a284a8540630.htm">Idpersonnel</a></li><li><a id="b86af82d-7c5c-4b91-0db5-156f26217859" href="b86af82d-7c5c-4b91-0db5-156f26217859.htm">Motif</a></li></tocItems></toc>