﻿<?xml version="1.0" encoding="utf-8"?><toc><breadcrumbs><li><a href="d75eb659-6335-53f6-af7a-81814a21ab7f.htm">Docs</a></li><li><a href="d75eb659-6335-53f6-af7a-81814a21ab7f.htm">Media<wbr />Tek<wbr />86</a></li><li><a href="c5898993-eed1-a932-ea31-add19a99eb82.htm">Media<wbr />Tek<wbr />86.<wbr />bddmanager</a></li></breadcrumbs><tocItems><li><a id="5b272bfd-d179-7c3d-2261-779c71b181c8" class="has-submenu" href="5b272bfd-d179-7c3d-2261-779c71b181c8.htm"><span data-tocFile="../toc/IDABA.xml" class="icon toggle" onclick="ToggleExpandCollapse(this); return false;"><i class="fa fa-angle-right"> </i></span>Bdd<wbr />Manager</a><ul class="toc-menu is-hidden"> </ul></li></tocItems></toc>