﻿<?xml version="1.0" encoding="utf-8"?><toc><breadcrumbs><li><a href="d75eb659-6335-53f6-af7a-81814a21ab7f.htm">Docs</a></li><li><a href="d75eb659-6335-53f6-af7a-81814a21ab7f.htm">Media<wbr />Tek<wbr />86</a></li><li><a href="a203e813-d063-178e-aa8e-3e84c2fa63b4.htm">Media<wbr />Tek<wbr />86.<wbr />controller</a></li><li><a href="ce0095a8-592a-e8d6-7af3-0376f6857a2e.htm">Frm<wbr />Absences<wbr />Controller</a></li><li><a href="73b99e2b-6e8d-eb5b-ab1e-021aeddb43ed.htm">Methods</a></li></breadcrumbs><tocItems><li><a id="dc2ad8e8-8949-32bc-6cfc-6b3fa51359c9" href="dc2ad8e8-8949-32bc-6cfc-6b3fa51359c9.htm">Add<wbr />Absence</a></li><li><a id="172bed43-e45e-b830-a18c-29dce3f650da" href="172bed43-e45e-b830-a18c-29dce3f650da.htm">Del<wbr />Absence</a></li><li><a id="758753f9-18a7-b8e4-adf2-436d5157adf7" href="758753f9-18a7-b8e4-adf2-436d5157adf7.htm">Get<wbr />Les<wbr />Absences</a></li><li><a id="932c9d14-de93-6566-f142-2865d01c2975" href="932c9d14-de93-6566-f142-2865d01c2975.htm">Get<wbr />Les<wbr />Motifs</a></li><li><a id="e8596fa0-d117-c3c4-300b-87bf79a70c60" href="e8596fa0-d117-c3c4-300b-87bf79a70c60.htm">Update<wbr />Absence</a></li></tocItems></toc>