﻿<?xml version="1.0" encoding="utf-8"?><toc><breadcrumbs><li><a href="d75eb659-6335-53f6-af7a-81814a21ab7f.htm">Docs</a></li><li><a href="d75eb659-6335-53f6-af7a-81814a21ab7f.htm">Media<wbr />Tek<wbr />86</a></li><li><a href="0432dcb9-034b-a0a7-9b38-ca0cb3f16711.htm">Media<wbr />Tek<wbr />86.<wbr />model</a></li><li><a href="cb3628fe-6ce3-3ccf-adc4-5bfc76648391.htm">Motif</a></li><li><a href="05822081-080a-203c-0a36-a143d2bbb264.htm">Properties</a></li></breadcrumbs><tocItems><li><a id="faa5037e-e9b5-f609-6f24-01ef756a2d1d" href="faa5037e-e9b5-f609-6f24-01ef756a2d1d.htm">Idmotif</a></li><li><a id="8dc01394-8d94-1179-bf6b-a78b71bf5652" href="8dc01394-8d94-1179-bf6b-a78b71bf5652.htm">Libelle</a></li></tocItems></toc>