﻿<?xml version="1.0" encoding="utf-8"?><toc><breadcrumbs><li><a href="d75eb659-6335-53f6-af7a-81814a21ab7f.htm">Docs</a></li><li><a href="d75eb659-6335-53f6-af7a-81814a21ab7f.htm">Media<wbr />Tek<wbr />86</a></li><li><a href="664fd9da-fcc9-8ede-52c5-fb8d850dc85e.htm">Media<wbr />Tek<wbr />86.<wbr />dal</a></li><li><a href="1ad76802-a410-b0d1-0e0f-2104e25ec427.htm">Motif<wbr />Access</a></li><li><a href="8e3189d6-bee8-ac98-0b04-edd2939a963a.htm">Methods</a></li></breadcrumbs><tocItems><li><a id="2ab72c3a-9707-1ef3-beaa-4ee5baa3f19c" href="2ab72c3a-9707-1ef3-beaa-4ee5baa3f19c.htm">Get<wbr />Les<wbr />Motifs</a></li></tocItems></toc>