﻿<?xml version="1.0" encoding="utf-8"?><toc><breadcrumbs><li><a href="d75eb659-6335-53f6-af7a-81814a21ab7f.htm">Docs</a></li><li><a href="d75eb659-6335-53f6-af7a-81814a21ab7f.htm">Media<wbr />Tek<wbr />86</a></li><li><a href="583bfb73-d659-5a0a-d86d-6318483a2360.htm">Media<wbr />Tek<wbr />86.<wbr />view</a></li><li><a href="130b9b40-bd12-7a0c-65d1-a40df7ca3874.htm">Frm<wbr />Connexion</a></li><li><a href="c00836be-1c19-89e3-1373-27f33d8ecb9d.htm">Methods</a></li><li><a href="e058860c-e033-fed9-dae6-63077eb1ad47.htm">Dispose</a></li></breadcrumbs><tocItems><li><a id="d890f509-aadb-d6b1-03ae-6a41d8de9ef9" href="d890f509-aadb-d6b1-03ae-6a41d8de9ef9.htm">Dispose(<wbr />Boolean)</a></li></tocItems></toc>