﻿<?xml version="1.0" encoding="utf-8"?><toc><breadcrumbs><li><a href="d75eb659-6335-53f6-af7a-81814a21ab7f.htm">Docs</a></li><li><a href="d75eb659-6335-53f6-af7a-81814a21ab7f.htm">Media<wbr />Tek<wbr />86</a></li><li><a href="0432dcb9-034b-a0a7-9b38-ca0cb3f16711.htm">Media<wbr />Tek<wbr />86.<wbr />model</a></li><li><a href="416c4d8a-57b3-2bc5-b563-920d6b444bb6.htm">Personnel</a></li><li><a href="4a1226bb-eb66-8a47-c161-92b867a1b44f.htm">Properties</a></li></breadcrumbs><tocItems><li><a id="5ccd2d70-7e4d-b518-84b0-94de2584f827" href="5ccd2d70-7e4d-b518-84b0-94de2584f827.htm">Idpersonnel</a></li><li><a id="486804a2-f612-ad0f-6404-29eddfbfd34f" href="486804a2-f612-ad0f-6404-29eddfbfd34f.htm">Mail</a></li><li><a id="ebcabe88-5694-3b5e-5a65-2ba2ec7a1f88" href="ebcabe88-5694-3b5e-5a65-2ba2ec7a1f88.htm">Nom</a></li><li><a id="4c5168f5-6764-f173-5062-ef654575004a" href="4c5168f5-6764-f173-5062-ef654575004a.htm">Prenom</a></li><li><a id="c832d4f6-ecab-b255-7f0d-43ea845cbeab" href="c832d4f6-ecab-b255-7f0d-43ea845cbeab.htm">Service</a></li><li><a id="d4555458-ad5b-e1bf-5261-b4a5fe50e2e9" href="d4555458-ad5b-e1bf-5261-b4a5fe50e2e9.htm">Tel</a></li></tocItems></toc>