﻿<?xml version="1.0" encoding="utf-8"?><toc><breadcrumbs><li><a href="d75eb659-6335-53f6-af7a-81814a21ab7f.htm">Docs</a></li><li><a href="d75eb659-6335-53f6-af7a-81814a21ab7f.htm">Media<wbr />Tek<wbr />86</a></li><li><a href="664fd9da-fcc9-8ede-52c5-fb8d850dc85e.htm">Media<wbr />Tek<wbr />86.<wbr />dal</a></li><li><a href="396c14aa-eb5d-cbd9-a8b2-53318e47bfd1.htm">Personnel<wbr />Access</a></li><li><a href="fe2a4d84-2f12-5509-cd73-e8f3c094af29.htm">Methods</a></li></breadcrumbs><tocItems><li><a id="1892eba0-4a6a-3568-5950-d6145736e2b4" href="1892eba0-4a6a-3568-5950-d6145736e2b4.htm">Add<wbr />Personnel</a></li><li><a id="c20644dc-4acd-65f3-9542-6e80a813f99b" href="c20644dc-4acd-65f3-9542-6e80a813f99b.htm">Controle<wbr />Connexion</a></li><li><a id="dd2470e0-85ec-b59d-4122-f7ea5515ab54" href="dd2470e0-85ec-b59d-4122-f7ea5515ab54.htm">Del<wbr />Personnel</a></li><li><a id="43a07360-ef00-a8ef-12eb-0ca2f1ec6713" href="43a07360-ef00-a8ef-12eb-0ca2f1ec6713.htm">Get<wbr />Le<wbr />Personnel</a></li><li><a id="0d1f7cbf-129d-9efb-c3f0-7a9cae2db5f7" href="0d1f7cbf-129d-9efb-c3f0-7a9cae2db5f7.htm">Update<wbr />Personnel</a></li></tocItems></toc>