﻿<?xml version="1.0" encoding="utf-8"?><toc><breadcrumbs><li><a href="d75eb659-6335-53f6-af7a-81814a21ab7f.htm">Docs</a></li><li><a href="d75eb659-6335-53f6-af7a-81814a21ab7f.htm">Media<wbr />Tek<wbr />86</a></li><li><a href="0432dcb9-034b-a0a7-9b38-ca0cb3f16711.htm">Media<wbr />Tek<wbr />86.<wbr />model</a></li><li><a href="6c8a792f-b526-cdfd-29fe-248d03e6b5e0.htm">Service</a></li><li><a href="14713737-5578-1bf5-1daa-f4f643886b35.htm">Properties</a></li></breadcrumbs><tocItems><li><a id="93806488-5839-debb-49e2-961db9a90810" href="93806488-5839-debb-49e2-961db9a90810.htm">Idservice</a></li><li><a id="75e02b28-367d-a90f-0dd3-4cb3819a8a91" href="75e02b28-367d-a90f-0dd3-4cb3819a8a91.htm">Nom</a></li></tocItems></toc>