﻿<?xml version="1.0" encoding="utf-8"?><toc><breadcrumbs><li><a href="d75eb659-6335-53f6-af7a-81814a21ab7f.htm">Docs</a></li><li><a href="d75eb659-6335-53f6-af7a-81814a21ab7f.htm">Media<wbr />Tek<wbr />86</a></li><li><a href="0432dcb9-034b-a0a7-9b38-ca0cb3f16711.htm">Media<wbr />Tek<wbr />86.<wbr />model</a></li><li><a href="cb3628fe-6ce3-3ccf-adc4-5bfc76648391.htm">Motif</a></li></breadcrumbs><tocItems><li><a id="1feb9458-d2f0-fb24-5567-354d43b2518c" href="1feb9458-d2f0-fb24-5567-354d43b2518c.htm">Constructor</a></li><li><a id="05822081-080a-203c-0a36-a143d2bbb264" class="has-submenu" href="05822081-080a-203c-0a36-a143d2bbb264.htm"><span data-tocFile="../toc/IDBBEA.xml" class="icon toggle" onclick="ToggleExpandCollapse(this); return false;"><i class="fa fa-angle-right"> </i></span>Properties</a><ul class="toc-menu is-hidden"> </ul></li><li><a id="bc2a6f3a-0cd6-147c-310c-3f1d6d873fda" class="has-submenu" href="bc2a6f3a-0cd6-147c-310c-3f1d6d873fda.htm"><span data-tocFile="../toc/IDCBEA.xml" class="icon toggle" onclick="ToggleExpandCollapse(this); return false;"><i class="fa fa-angle-right"> </i></span>Methods</a><ul class="toc-menu is-hidden"> </ul></li></tocItems></toc>