﻿<?xml version="1.0" encoding="utf-8"?><toc><breadcrumbs><li><a href="d75eb659-6335-53f6-af7a-81814a21ab7f.htm">Docs</a></li><li><a href="d75eb659-6335-53f6-af7a-81814a21ab7f.htm">Media<wbr />Tek<wbr />86</a></li><li><a href="664fd9da-fcc9-8ede-52c5-fb8d850dc85e.htm">Media<wbr />Tek<wbr />86.<wbr />dal</a></li><li><a href="1d37fc6d-ff1d-e1e9-a742-a8bcc9694687.htm">Service<wbr />Access</a></li><li><a href="0590790c-fbc6-8d4f-f2b6-17daea2948ec.htm">Methods</a></li></breadcrumbs><tocItems><li><a id="627eb28f-fd14-f55d-caf0-0be1207a42a3" href="627eb28f-fd14-f55d-caf0-0be1207a42a3.htm">Get<wbr />Les<wbr />Services</a></li></tocItems></toc>