﻿<?xml version="1.0" encoding="utf-8"?><toc><breadcrumbs><li><a href="d75eb659-6335-53f6-af7a-81814a21ab7f.htm">Docs</a></li><li><a href="d75eb659-6335-53f6-af7a-81814a21ab7f.htm">Media<wbr />Tek<wbr />86</a></li><li><a href="583bfb73-d659-5a0a-d86d-6318483a2360.htm">Media<wbr />Tek<wbr />86.<wbr />view</a></li><li><a href="130b9b40-bd12-7a0c-65d1-a40df7ca3874.htm">Frm<wbr />Connexion</a></li></breadcrumbs><tocItems><li><a id="32f85771-9fb6-d0cc-c16b-80ee761c04be" href="32f85771-9fb6-d0cc-c16b-80ee761c04be.htm">Constructor</a></li><li><a id="b4273d28-8df3-97ef-07f8-307f0a0c8ee4" href="b4273d28-8df3-97ef-07f8-307f0a0c8ee4.htm">Properties</a></li><li><a id="c00836be-1c19-89e3-1373-27f33d8ecb9d" class="has-submenu" href="c00836be-1c19-89e3-1373-27f33d8ecb9d.htm"><span data-tocFile="../toc/IDCBFA.xml" class="icon toggle" onclick="ToggleExpandCollapse(this); return false;"><i class="fa fa-angle-right"> </i></span>Methods</a><ul class="toc-menu is-hidden"> </ul></li><li><a id="ff5647c3-fc9c-c9a3-8ed6-34bcb9bc80fd" href="ff5647c3-fc9c-c9a3-8ed6-34bcb9bc80fd.htm">Events</a></li><li><a id="0fa2548e-7acf-e6b0-7bba-56a20fc77bfe" class="has-submenu" href="0fa2548e-7acf-e6b0-7bba-56a20fc77bfe.htm"><span data-tocFile="../toc/IDEBFA.xml" class="icon toggle" onclick="ToggleExpandCollapse(this); return false;"><i class="fa fa-angle-right"> </i></span>Fields</a><ul class="toc-menu is-hidden"> </ul></li></tocItems></toc>