﻿<?xml version="1.0" encoding="utf-8"?><toc><breadcrumbs><li><a href="d75eb659-6335-53f6-af7a-81814a21ab7f.htm">Docs</a></li><li><a href="d75eb659-6335-53f6-af7a-81814a21ab7f.htm">Media<wbr />Tek<wbr />86</a></li><li><a href="583bfb73-d659-5a0a-d86d-6318483a2360.htm">Media<wbr />Tek<wbr />86.<wbr />view</a></li><li><a href="53ce980c-ee20-0305-7afb-1cc33460e1bf.htm">Frm<wbr />Absences</a></li><li><a href="2d57525a-5588-9a9c-ae3a-595afb548504.htm">Methods</a></li></breadcrumbs><tocItems><li><a id="0e75a488-ae4e-c051-b7c7-548b144cf5d2" href="0e75a488-ae4e-c051-b7c7-548b144cf5d2.htm">btn<wbr />Ajouter<wbr />Absence_<wbr />Click</a></li><li><a id="6de784ce-a8dc-b0de-a177-f059e6f46c17" href="6de784ce-a8dc-b0de-a177-f059e6f46c17.htm">btn<wbr />Annuler<wbr />Abs_<wbr />Click</a></li><li><a id="355d656a-1ceb-7ded-0ad9-a0a5a8a632c0" href="355d656a-1ceb-7ded-0ad9-a0a5a8a632c0.htm">btn<wbr />Enregistrer<wbr />Abs_<wbr />Click</a></li><li><a id="7bd70a37-3713-e933-4f0f-e207b81bf94c" href="7bd70a37-3713-e933-4f0f-e207b81bf94c.htm">btn<wbr />Modifier<wbr />Absence_<wbr />Click</a></li><li><a id="c8bd04e6-0bed-a92c-7402-ac2b0d09c7f0" href="c8bd04e6-0bed-a92c-7402-ac2b0d09c7f0.htm">btn<wbr />Suppr<wbr />Absence_<wbr />Click</a></li><li><a id="2987a050-275d-2cbc-9ece-3569ceaf5a6e" class="has-submenu" href="2987a050-275d-2cbc-9ece-3569ceaf5a6e.htm"><span data-tocFile="../toc/IDFCAFA.xml" class="icon toggle" onclick="ToggleExpandCollapse(this); return false;"><i class="fa fa-angle-right"> </i></span>Dispose</a><ul class="toc-menu is-hidden"> </ul></li><li><a id="0d6321bf-4c5d-2974-17b0-1ab45b5c0ca4" href="0d6321bf-4c5d-2974-17b0-1ab45b5c0ca4.htm">En<wbr />Cours<wbr />Modif<wbr />Absence</a></li><li><a id="1deaa30e-4d30-e668-e7e5-c04d10df62ad" href="1deaa30e-4d30-e668-e7e5-c04d10df62ad.htm">Init</a></li><li><a id="a3d4789f-f2fe-854c-1faf-525058bb6077" href="a3d4789f-f2fe-854c-1faf-525058bb6077.htm">Initialize<wbr />Component</a></li><li><a id="9698ed7c-80c7-b09f-f8ec-04003f8f8998" href="9698ed7c-80c7-b09f-f8ec-04003f8f8998.htm">Remplir<wbr />Liste<wbr />Absences</a></li><li><a id="fe4dd20b-7daf-40da-140c-2e6d39ea3eb6" href="fe4dd20b-7daf-40da-140c-2e6d39ea3eb6.htm">Remplir<wbr />Liste<wbr />Motifs</a></li></tocItems></toc>