﻿<?xml version="1.0" encoding="utf-8"?><toc><breadcrumbs><li><a href="d75eb659-6335-53f6-af7a-81814a21ab7f.htm">Docs</a></li><li><a href="d75eb659-6335-53f6-af7a-81814a21ab7f.htm">Media<wbr />Tek<wbr />86</a></li><li><a href="a203e813-d063-178e-aa8e-3e84c2fa63b4.htm">Media<wbr />Tek<wbr />86.<wbr />controller</a></li><li><a href="ce0095a8-592a-e8d6-7af3-0376f6857a2e.htm">Frm<wbr />Absences<wbr />Controller</a></li><li><a href="a7201c3a-898d-e4e1-14a0-19a39d8640f3.htm">Fields</a></li></breadcrumbs><tocItems><li><a id="4d3a3b45-6ac8-b546-0fbe-53ac05c84e68" href="4d3a3b45-6ac8-b546-0fbe-53ac05c84e68.htm">absence<wbr />Access</a></li><li><a id="72fc88e1-276e-f66a-5ed4-50942830f9eb" href="72fc88e1-276e-f66a-5ed4-50942830f9eb.htm">motif<wbr />Access</a></li></tocItems></toc>