﻿<?xml version="1.0" encoding="utf-8"?><toc><breadcrumbs><li><a href="d75eb659-6335-53f6-af7a-81814a21ab7f.htm">Docs</a></li><li><a href="d75eb659-6335-53f6-af7a-81814a21ab7f.htm">Media<wbr />Tek<wbr />86</a></li><li><a href="0432dcb9-034b-a0a7-9b38-ca0cb3f16711.htm">Media<wbr />Tek<wbr />86.<wbr />model</a></li><li><a href="cb3628fe-6ce3-3ccf-adc4-5bfc76648391.htm">Motif</a></li><li><a href="bc2a6f3a-0cd6-147c-310c-3f1d6d873fda.htm">Methods</a></li></breadcrumbs><tocItems><li><a id="4960c0af-6c7e-1685-24d4-697504a23a11" href="4960c0af-6c7e-1685-24d4-697504a23a11.htm">To<wbr />String</a></li></tocItems></toc>