﻿<?xml version="1.0" encoding="utf-8"?><toc><breadcrumbs><li><a href="d75eb659-6335-53f6-af7a-81814a21ab7f.htm">Docs</a></li><li><a href="d75eb659-6335-53f6-af7a-81814a21ab7f.htm">Media<wbr />Tek<wbr />86</a></li><li><a href="a203e813-d063-178e-aa8e-3e84c2fa63b4.htm">Media<wbr />Tek<wbr />86.<wbr />controller</a></li><li><a href="02e5c4d1-2b95-af30-40c8-08c4756745dc.htm">Frm<wbr />Connexion<wbr />Controller</a></li><li><a href="d875f4fa-771f-93c4-e65b-3529411df360.htm">Fields</a></li></breadcrumbs><tocItems><li><a id="b960fc3d-2072-f9c1-00ce-fff80f3a3bb6" href="b960fc3d-2072-f9c1-00ce-fff80f3a3bb6.htm">personnel<wbr />Access</a></li></tocItems></toc>