﻿<?xml version="1.0" encoding="utf-8"?><toc><breadcrumbs><li><a href="d75eb659-6335-53f6-af7a-81814a21ab7f.htm">Docs</a></li><li><a href="d75eb659-6335-53f6-af7a-81814a21ab7f.htm">Media<wbr />Tek<wbr />86</a></li><li><a href="664fd9da-fcc9-8ede-52c5-fb8d850dc85e.htm">Media<wbr />Tek<wbr />86.<wbr />dal</a></li><li><a href="1ad76802-a410-b0d1-0e0f-2104e25ec427.htm">Motif<wbr />Access</a></li><li><a href="d46749ce-75aa-3dba-9e5b-42fdcbb9b4f0.htm">Fields</a></li></breadcrumbs><tocItems><li><a id="eaa90b34-762e-3831-0efe-248919c7bfdf" href="eaa90b34-762e-3831-0efe-248919c7bfdf.htm">access</a></li></tocItems></toc>