﻿<?xml version="1.0" encoding="utf-8"?><toc><breadcrumbs><li><a href="d75eb659-6335-53f6-af7a-81814a21ab7f.htm">Docs</a></li><li><a href="d75eb659-6335-53f6-af7a-81814a21ab7f.htm">Media<wbr />Tek<wbr />86</a></li><li><a href="a203e813-d063-178e-aa8e-3e84c2fa63b4.htm">Media<wbr />Tek<wbr />86.<wbr />controller</a></li><li><a href="ee1427ac-098a-3fa7-5aba-180ce0884dcf.htm">Frm<wbr />Gestion<wbr />Personnel<wbr />Controller</a></li></breadcrumbs><tocItems><li><a id="83228344-d323-7096-6387-cfdf82666a1d" href="83228344-d323-7096-6387-cfdf82666a1d.htm">Constructor</a></li><li><a id="1a3f7b10-3e81-520e-bcef-0859b8320209" class="has-submenu" href="1a3f7b10-3e81-520e-bcef-0859b8320209.htm"><span data-tocFile="../toc/IDBCCA.xml" class="icon toggle" onclick="ToggleExpandCollapse(this); return false;"><i class="fa fa-angle-right"> </i></span>Methods</a><ul class="toc-menu is-hidden"> </ul></li><li><a id="4cd5c2e8-62f3-d11f-6054-b366165c94ea" class="has-submenu" href="4cd5c2e8-62f3-d11f-6054-b366165c94ea.htm"><span data-tocFile="../toc/IDCCCA.xml" class="icon toggle" onclick="ToggleExpandCollapse(this); return false;"><i class="fa fa-angle-right"> </i></span>Fields</a><ul class="toc-menu is-hidden"> </ul></li></tocItems></toc>