﻿<?xml version="1.0" encoding="utf-8"?><toc><breadcrumbs><li><a href="d75eb659-6335-53f6-af7a-81814a21ab7f.htm">Docs</a></li><li><a href="d75eb659-6335-53f6-af7a-81814a21ab7f.htm">Media<wbr />Tek<wbr />86</a></li><li><a href="583bfb73-d659-5a0a-d86d-6318483a2360.htm">Media<wbr />Tek<wbr />86.<wbr />view</a></li><li><a href="f214f856-684f-f0ef-5a49-ca506dd6f272.htm">Frm<wbr />Gestion<wbr />Personnel</a></li><li><a href="fd79011e-a67a-4405-79fb-b7f672db7c5d.htm">Methods</a></li></breadcrumbs><tocItems><li><a id="4a30d108-ce25-6f00-e06f-9eaf6e04c3dc" href="4a30d108-ce25-6f00-e06f-9eaf6e04c3dc.htm">btn<wbr />Afficher<wbr />Absences_<wbr />Click</a></li><li><a id="efabc634-3977-8c33-f3f1-3dacbf27a46f" href="efabc634-3977-8c33-f3f1-3dacbf27a46f.htm">btn<wbr />Ajouter<wbr />Perso_<wbr />Click</a></li><li><a id="ab6eed9d-00c8-71c6-394b-11f947fc0e1f" href="ab6eed9d-00c8-71c6-394b-11f947fc0e1f.htm">btn<wbr />Annuler_<wbr />Click</a></li><li><a id="9a803b78-310c-8942-a689-6672680b7604" href="9a803b78-310c-8942-a689-6672680b7604.htm">btn<wbr />Enregistrer_<wbr />Click</a></li><li><a id="b22a2826-13ee-dc97-273f-b4b8a5ed7111" href="b22a2826-13ee-dc97-273f-b4b8a5ed7111.htm">btn<wbr />Modif<wbr />Perso_<wbr />Click</a></li><li><a id="bddbdfd7-a1f6-defd-b35b-bc3833694252" href="bddbdfd7-a1f6-defd-b35b-bc3833694252.htm">btn<wbr />Suppr<wbr />Perso_<wbr />Click</a></li><li><a id="f08b7756-6698-f611-cbdb-17173c5a0de7" class="has-submenu" href="f08b7756-6698-f611-cbdb-17173c5a0de7.htm"><span data-tocFile="../toc/IDGCCFA.xml" class="icon toggle" onclick="ToggleExpandCollapse(this); return false;"><i class="fa fa-angle-right"> </i></span>Dispose</a><ul class="toc-menu is-hidden"> </ul></li><li><a id="1d3ff768-e548-fd7b-3be9-6969e26930d9" href="1d3ff768-e548-fd7b-3be9-6969e26930d9.htm">En<wbr />Cours<wbr />Modif<wbr />Personnel</a></li><li><a id="383cb68c-cb02-2ffb-d24f-05087d296109" href="383cb68c-cb02-2ffb-d24f-05087d296109.htm">Init</a></li><li><a id="edbe746e-3d52-8486-4eec-75b683a6b6d3" href="edbe746e-3d52-8486-4eec-75b683a6b6d3.htm">Initialize<wbr />Component</a></li><li><a id="428cd455-a32a-dad1-1086-1e0784b7c2fe" href="428cd455-a32a-dad1-1086-1e0784b7c2fe.htm">Remplir<wbr />Liste<wbr />Personnel</a></li><li><a id="1bafd069-d8f7-724b-4e09-0973a3b34f6b" href="1bafd069-d8f7-724b-4e09-0973a3b34f6b.htm">Remplir<wbr />Liste<wbr />Services</a></li></tocItems></toc>