﻿<?xml version="1.0" encoding="utf-8"?><toc><breadcrumbs><li><a href="d75eb659-6335-53f6-af7a-81814a21ab7f.htm">Docs</a></li><li><a href="d75eb659-6335-53f6-af7a-81814a21ab7f.htm">Media<wbr />Tek<wbr />86</a></li><li><a href="664fd9da-fcc9-8ede-52c5-fb8d850dc85e.htm">Media<wbr />Tek<wbr />86.<wbr />dal</a></li><li><a href="396c14aa-eb5d-cbd9-a8b2-53318e47bfd1.htm">Personnel<wbr />Access</a></li><li><a href="4208e3b4-634b-47c3-f1c2-899bb2dd52e7.htm">Fields</a></li></breadcrumbs><tocItems><li><a id="e89153d0-4e41-920f-faaa-7831582ff324" href="e89153d0-4e41-920f-faaa-7831582ff324.htm">access</a></li></tocItems></toc>