﻿<?xml version="1.0" encoding="utf-8"?><toc><breadcrumbs><li><a href="d75eb659-6335-53f6-af7a-81814a21ab7f.htm">Docs</a></li><li><a href="d75eb659-6335-53f6-af7a-81814a21ab7f.htm">Media<wbr />Tek<wbr />86</a></li><li><a href="664fd9da-fcc9-8ede-52c5-fb8d850dc85e.htm">Media<wbr />Tek<wbr />86.<wbr />dal</a></li><li><a href="1d37fc6d-ff1d-e1e9-a742-a8bcc9694687.htm">Service<wbr />Access</a></li><li><a href="aa3792ba-ccbf-2cd4-e2ba-39cb72c5b684.htm">Fields</a></li></breadcrumbs><tocItems><li><a id="b42834df-4e67-d886-1c3a-f1ffd2b49741" href="b42834df-4e67-d886-1c3a-f1ffd2b49741.htm">access</a></li></tocItems></toc>