﻿<?xml version="1.0" encoding="utf-8"?><toc><breadcrumbs><li><a href="d75eb659-6335-53f6-af7a-81814a21ab7f.htm">Docs</a></li><li><a href="d75eb659-6335-53f6-af7a-81814a21ab7f.htm">Media<wbr />Tek<wbr />86</a></li><li><a href="0432dcb9-034b-a0a7-9b38-ca0cb3f16711.htm">Media<wbr />Tek<wbr />86.<wbr />model</a></li><li><a href="4d4b169c-2eef-0ad0-fd6a-9ba8d9670922.htm">Responsable</a></li></breadcrumbs><tocItems><li><a id="f7afd226-78fc-8b6a-4f83-ac562119eb88" href="f7afd226-78fc-8b6a-4f83-ac562119eb88.htm">Constructor</a></li><li><a id="40cfd4b9-2b8e-c6d8-72e4-da1cd2de5ce9" class="has-submenu" href="40cfd4b9-2b8e-c6d8-72e4-da1cd2de5ce9.htm"><span data-tocFile="../toc/IDBDEA.xml" class="icon toggle" onclick="ToggleExpandCollapse(this); return false;"><i class="fa fa-angle-right"> </i></span>Properties</a><ul class="toc-menu is-hidden"> </ul></li><li><a id="a4e9f98d-07fa-54a1-26ec-f03f9684021c" href="a4e9f98d-07fa-54a1-26ec-f03f9684021c.htm">Methods</a></li></tocItems></toc>