﻿<?xml version="1.0" encoding="utf-8"?><toc><breadcrumbs><li><a href="d75eb659-6335-53f6-af7a-81814a21ab7f.htm">Docs</a></li><li><a href="d75eb659-6335-53f6-af7a-81814a21ab7f.htm">Media<wbr />Tek<wbr />86</a></li><li><a href="583bfb73-d659-5a0a-d86d-6318483a2360.htm">Media<wbr />Tek<wbr />86.<wbr />view</a></li><li><a href="53ce980c-ee20-0305-7afb-1cc33460e1bf.htm">Frm<wbr />Absences</a></li><li><a href="3438f443-4fed-4bc2-3c89-80de157b4ca6.htm">Fields</a></li></breadcrumbs><tocItems><li><a id="38369600-15c0-88c0-f162-f01e7d532c4b" href="38369600-15c0-88c0-f162-f01e7d532c4b.htm">bdg<wbr />Absences</a></li><li><a id="7c469595-bd24-c7a0-4524-ed69e6832314" href="7c469595-bd24-c7a0-4524-ed69e6832314.htm">bdg<wbr />Motifs</a></li><li><a id="d4e79f9b-5484-5949-d04a-3d3c8babae65" href="d4e79f9b-5484-5949-d04a-3d3c8babae65.htm">btn<wbr />Ajouter<wbr />Absence</a></li><li><a id="8ffe77e5-ebb9-b064-4132-b205ec84914a" href="8ffe77e5-ebb9-b064-4132-b205ec84914a.htm">btn<wbr />Annuler<wbr />Abs</a></li><li><a id="200d8d3b-8949-2fdf-3b5e-1bb70ceb0658" href="200d8d3b-8949-2fdf-3b5e-1bb70ceb0658.htm">btn<wbr />Enregistrer<wbr />Abs</a></li><li><a id="cb4ca76f-c0cf-8314-a67c-484367d62d7f" href="cb4ca76f-c0cf-8314-a67c-484367d62d7f.htm">btn<wbr />Modif<wbr />Absence</a></li><li><a id="923f9eeb-7025-467e-0b72-a3c69efa7cb8" href="923f9eeb-7025-467e-0b72-a3c69efa7cb8.htm">btn<wbr />Suppr<wbr />Absence</a></li><li><a id="757d2ecb-7a05-8d1e-8b39-ed040afb98d1" href="757d2ecb-7a05-8d1e-8b39-ed040afb98d1.htm">cmb<wbr />Motif</a></li><li><a id="64382c5b-d5eb-70b8-32fa-96cc00f31667" href="64382c5b-d5eb-70b8-32fa-96cc00f31667.htm">components</a></li><li><a id="49c57eb1-adb0-9c81-74cc-ac44211d277d" href="49c57eb1-adb0-9c81-74cc-ac44211d277d.htm">controller</a></li><li><a id="87c0da00-340e-ed19-102c-0101e5b703bf" href="87c0da00-340e-ed19-102c-0101e5b703bf.htm">dgv<wbr />Absences</a></li><li><a id="63088ab6-b87a-228d-adf2-279161c8f7ae" href="63088ab6-b87a-228d-adf2-279161c8f7ae.htm">dtp<wbr />Date<wbr />Debut</a></li><li><a id="a643ca7a-48f0-41cd-dc13-eaac61d258ff" href="a643ca7a-48f0-41cd-dc13-eaac61d258ff.htm">dtp<wbr />Date<wbr />Fin</a></li><li><a id="1de8fd0a-8311-a301-9f38-9a0d73e997b8" href="1de8fd0a-8311-a301-9f38-9a0d73e997b8.htm">en<wbr />Cours<wbr />De<wbr />Modif<wbr />Absence</a></li><li><a id="c7706275-bce2-cef7-f56a-65bef939a1d6" href="c7706275-bce2-cef7-f56a-65bef939a1d6.htm">grp<wbr />Absences</a></li><li><a id="111a5cc7-c054-4361-a45f-4465b3654e03" href="111a5cc7-c054-4361-a45f-4465b3654e03.htm">grp<wbr />Ajouter<wbr />Absence</a></li><li><a id="3b68958d-da68-c4b9-fa83-979debc77c57" href="3b68958d-da68-c4b9-fa83-979debc77c57.htm">lbl<wbr />Date<wbr />Debut</a></li><li><a id="dac46592-1e84-9d6b-47e1-d33a994d50b8" href="dac46592-1e84-9d6b-47e1-d33a994d50b8.htm">lbl<wbr />Date<wbr />Fin</a></li><li><a id="4b8596dd-a923-1ba4-faee-de3f2b2f390d" href="4b8596dd-a923-1ba4-faee-de3f2b2f390d.htm">lbl<wbr />Motif</a></li><li><a id="3796fc86-b193-2acf-5469-5027d0f956c8" href="3796fc86-b193-2acf-5469-5027d0f956c8.htm">un<wbr />Id</a></li></tocItems></toc>