﻿<?xml version="1.0" encoding="utf-8"?><toc><breadcrumbs><li><a href="d75eb659-6335-53f6-af7a-81814a21ab7f.htm">Docs</a></li><li><a href="d75eb659-6335-53f6-af7a-81814a21ab7f.htm">Media<wbr />Tek<wbr />86</a></li><li><a href="583bfb73-d659-5a0a-d86d-6318483a2360.htm">Media<wbr />Tek<wbr />86.<wbr />view</a></li><li><a href="130b9b40-bd12-7a0c-65d1-a40df7ca3874.htm">Frm<wbr />Connexion</a></li><li><a href="0fa2548e-7acf-e6b0-7bba-56a20fc77bfe.htm">Fields</a></li></breadcrumbs><tocItems><li><a id="6828e695-fe72-453d-b55c-f7027c917931" href="6828e695-fe72-453d-b55c-f7027c917931.htm">btn<wbr />Connexion</a></li><li><a id="8570c090-ec27-253f-442e-5bf5e3c8b36c" href="8570c090-ec27-253f-442e-5bf5e3c8b36c.htm">components</a></li><li><a id="9a8b1c4b-2b9e-e5e4-2d15-ff08d21ee8b7" href="9a8b1c4b-2b9e-e5e4-2d15-ff08d21ee8b7.htm">controller</a></li><li><a id="70bd8d70-2402-ad48-5ff9-3d94330e12d2" href="70bd8d70-2402-ad48-5ff9-3d94330e12d2.htm">lbl<wbr />Login</a></li><li><a id="9724c775-fbe2-5561-cb40-bd3a8f4d13f3" href="9724c775-fbe2-5561-cb40-bd3a8f4d13f3.htm">lbl<wbr />Pwd</a></li><li><a id="0e7a0c7c-1add-377d-63dd-a1115b190fdd" href="0e7a0c7c-1add-377d-63dd-a1115b190fdd.htm">txt<wbr />Login</a></li><li><a id="e3941df7-64ba-5ebe-b279-3469cfa1f4ca" href="e3941df7-64ba-5ebe-b279-3469cfa1f4ca.htm">txt<wbr />Pwd</a></li></tocItems></toc>