﻿<?xml version="1.0" encoding="utf-8"?><toc><breadcrumbs><li><a href="d75eb659-6335-53f6-af7a-81814a21ab7f.htm">Docs</a></li><li><a href="d75eb659-6335-53f6-af7a-81814a21ab7f.htm">Media<wbr />Tek<wbr />86</a></li><li><a href="583bfb73-d659-5a0a-d86d-6318483a2360.htm">Media<wbr />Tek<wbr />86.<wbr />view</a></li><li><a href="f214f856-684f-f0ef-5a49-ca506dd6f272.htm">Frm<wbr />Gestion<wbr />Personnel</a></li><li><a href="e97e37ed-6de2-f7fe-29bb-55cd0160ef63.htm">Fields</a></li></breadcrumbs><tocItems><li><a id="6272cbc4-02db-e510-b095-0ccc6c6618d2" href="6272cbc4-02db-e510-b095-0ccc6c6618d2.htm">bdg<wbr />Personnel</a></li><li><a id="9d310c5c-8a7e-e4c9-4328-3224ae6039f2" href="9d310c5c-8a7e-e4c9-4328-3224ae6039f2.htm">bdg<wbr />Services</a></li><li><a id="79de77a6-1e22-91c8-bdca-cc71eedc0888" href="79de77a6-1e22-91c8-bdca-cc71eedc0888.htm">btn<wbr />Afficher<wbr />Absences</a></li><li><a id="f7fe728b-8637-f7e3-1463-22a359877c73" href="f7fe728b-8637-f7e3-1463-22a359877c73.htm">btn<wbr />Ajouter<wbr />Perso</a></li><li><a id="b522ac56-87e5-13c0-bd68-8d8895f88be7" href="b522ac56-87e5-13c0-bd68-8d8895f88be7.htm">btn<wbr />Annuler</a></li><li><a id="c9113ff7-0eed-3b94-ba46-f2bf950e4dc5" href="c9113ff7-0eed-3b94-ba46-f2bf950e4dc5.htm">btn<wbr />Enregistrer</a></li><li><a id="664e4aa0-db8c-f730-59b5-492390cfd06c" href="664e4aa0-db8c-f730-59b5-492390cfd06c.htm">btn<wbr />Modif<wbr />Perso</a></li><li><a id="57a5148f-4495-415b-572e-df8fe5aea64e" href="57a5148f-4495-415b-572e-df8fe5aea64e.htm">btn<wbr />Suppr<wbr />Perso</a></li><li><a id="1476c465-ba45-1cc3-cdba-4cd406d479b5" href="1476c465-ba45-1cc3-cdba-4cd406d479b5.htm">cmb<wbr />Service</a></li><li><a id="59e76a0d-cbd6-1c7f-cfb6-1a9cfb0ba2dc" href="59e76a0d-cbd6-1c7f-cfb6-1a9cfb0ba2dc.htm">components</a></li><li><a id="59d71aaf-191b-27dc-a0ce-4a6a9eb3c2a9" href="59d71aaf-191b-27dc-a0ce-4a6a9eb3c2a9.htm">controller</a></li><li><a id="f57357c9-c824-301d-aa09-2f44cb664c89" href="f57357c9-c824-301d-aa09-2f44cb664c89.htm">dgv<wbr />Perso</a></li><li><a id="00d165b6-2533-d2cc-8c9c-e94bc88204a2" href="00d165b6-2533-d2cc-8c9c-e94bc88204a2.htm">en<wbr />Cours<wbr />De<wbr />Modif<wbr />Personnel</a></li><li><a id="8c74823a-51bf-1e7e-e601-56154e43ce8c" href="8c74823a-51bf-1e7e-e601-56154e43ce8c.htm">grp<wbr />Ajouter<wbr />Perso</a></li><li><a id="ce5a804a-ee35-48c2-01c2-4165994cd2b9" href="ce5a804a-ee35-48c2-01c2-4165994cd2b9.htm">grp<wbr />Personnel</a></li><li><a id="7a97eb44-f767-b3f4-5996-e0ffaab16b41" href="7a97eb44-f767-b3f4-5996-e0ffaab16b41.htm">lbl<wbr />Mail</a></li><li><a id="b5960e65-d3fc-3d6d-f20e-cf8096045016" href="b5960e65-d3fc-3d6d-f20e-cf8096045016.htm">lbl<wbr />Nom</a></li><li><a id="c53d242a-5099-ac71-d17f-8ab489191a95" href="c53d242a-5099-ac71-d17f-8ab489191a95.htm">lbl<wbr />Prenom</a></li><li><a id="8a3eff70-be45-e7a6-b178-80b6d411ad4a" href="8a3eff70-be45-e7a6-b178-80b6d411ad4a.htm">lbl<wbr />Service</a></li><li><a id="e675baee-eed5-3821-e993-56c2a5cf9bbb" href="e675baee-eed5-3821-e993-56c2a5cf9bbb.htm">lbl<wbr />Tel</a></li><li><a id="293bf265-996e-e083-eeb9-95f651286eaa" href="293bf265-996e-e083-eeb9-95f651286eaa.htm">txt<wbr />Mail</a></li><li><a id="0fae673a-d2cf-5e0c-35b2-7dba1270ef67" href="0fae673a-d2cf-5e0c-35b2-7dba1270ef67.htm">txt<wbr />Nom</a></li><li><a id="85012a20-3594-bd53-6f4c-1afc79d24d42" href="85012a20-3594-bd53-6f4c-1afc79d24d42.htm">txt<wbr />Prenom</a></li><li><a id="561b08d4-fd9d-25f7-d158-76608f039174" href="561b08d4-fd9d-25f7-d158-76608f039174.htm">txt<wbr />Tel</a></li></tocItems></toc>