﻿<?xml version="1.0" encoding="utf-8"?><toc><breadcrumbs><li><a href="d75eb659-6335-53f6-af7a-81814a21ab7f.htm">Docs</a></li><li><a href="d75eb659-6335-53f6-af7a-81814a21ab7f.htm">Media<wbr />Tek<wbr />86</a></li><li><a href="664fd9da-fcc9-8ede-52c5-fb8d850dc85e.htm">Media<wbr />Tek<wbr />86.<wbr />dal</a></li><li><a href="1d37fc6d-ff1d-e1e9-a742-a8bcc9694687.htm">Service<wbr />Access</a></li></breadcrumbs><tocItems><li><a id="3912f864-4e1f-ba38-b182-994afbb566af" href="3912f864-4e1f-ba38-b182-994afbb566af.htm">Constructor</a></li><li><a id="0590790c-fbc6-8d4f-f2b6-17daea2948ec" class="has-submenu" href="0590790c-fbc6-8d4f-f2b6-17daea2948ec.htm"><span data-tocFile="../toc/IDBEDA.xml" class="icon toggle" onclick="ToggleExpandCollapse(this); return false;"><i class="fa fa-angle-right"> </i></span>Methods</a><ul class="toc-menu is-hidden"> </ul></li><li><a id="aa3792ba-ccbf-2cd4-e2ba-39cb72c5b684" class="has-submenu" href="aa3792ba-ccbf-2cd4-e2ba-39cb72c5b684.htm"><span data-tocFile="../toc/IDCEDA.xml" class="icon toggle" onclick="ToggleExpandCollapse(this); return false;"><i class="fa fa-angle-right"> </i></span>Fields</a><ul class="toc-menu is-hidden"> </ul></li></tocItems></toc>