﻿<?xml version="1.0" encoding="utf-8"?><toc><breadcrumbs><li><a href="d75eb659-6335-53f6-af7a-81814a21ab7f.htm">Docs</a></li><li><a href="d75eb659-6335-53f6-af7a-81814a21ab7f.htm">Media<wbr />Tek<wbr />86</a></li><li><a href="0432dcb9-034b-a0a7-9b38-ca0cb3f16711.htm">Media<wbr />Tek<wbr />86.<wbr />model</a></li><li><a href="6c8a792f-b526-cdfd-29fe-248d03e6b5e0.htm">Service</a></li></breadcrumbs><tocItems><li><a id="add47b36-9712-306c-5fcb-a3eff778a0da" href="add47b36-9712-306c-5fcb-a3eff778a0da.htm">Constructor</a></li><li><a id="14713737-5578-1bf5-1daa-f4f643886b35" class="has-submenu" href="14713737-5578-1bf5-1daa-f4f643886b35.htm"><span data-tocFile="../toc/IDBEEA.xml" class="icon toggle" onclick="ToggleExpandCollapse(this); return false;"><i class="fa fa-angle-right"> </i></span>Properties</a><ul class="toc-menu is-hidden"> </ul></li><li><a id="17178bba-0ba9-b9bf-2418-1b85940b2702" class="has-submenu" href="17178bba-0ba9-b9bf-2418-1b85940b2702.htm"><span data-tocFile="../toc/IDCEEA.xml" class="icon toggle" onclick="ToggleExpandCollapse(this); return false;"><i class="fa fa-angle-right"> </i></span>Methods</a><ul class="toc-menu is-hidden"> </ul></li></tocItems></toc>